,site_id,groundheight,clutter_class
0,RL_9;SIP,54.9587,OPEN LAND
1,RL_I7LB>,132.0102,DENSE TREE
2,RL_I7T?Q,83.9994,HIGH-ISOLATED-BUILDINGS
3,RL_I7Z?H,91.0254,LOW-SPARSE URBAN
4,RL_I8BE>,790031,AVERAGE-DENSE URBAN
5,RL_I9OI>,158.9431,LOW-DENSE URBAN
6,RL_I9VK>,619847,HIGH-DENSE URBAN
7,RL_I:BTL,39814,OPEN IN URBAN
8,RL_I:CSI,500405,SPARSE TREE
9,RL_I:HSK,249812,BUILTUP-VILLAGE
10,RL_I:UJO,3.9814,OPEN LAND
11,RL_I:VF>,180021,HIGH-DENSE URBAN
12,RL_I;GIR,365975,BUILTUP-VILLAGE
13,RL_I;YNL,56.9884,INDUSTRIAL & COMMERCIAL
14,RL_I<BRF,145.9841,LOW-DENSE URBAN
15,RL_I=VJS,54.9587,LOW-DENSE URBAN
16,RL_I=VXL,49.9625,AVERAGE-DENSE URBAN
17,RL_I>PA>,337.0124,OPEN LAND
18,RL_I>W?H,76.0366,AVERAGE-DENSE URBAN
19,RL_IABBF,18.0333,AVERAGE-DENSE URBAN
20,RL_IABIL,670.0435,OPEN LAND
21,RL_IABQB,1236.9613,SPARSE TREE
22,RL_IAC?J,619847,SPARSE TREE
23,RL_IACI>,1299805,OPEN LAND
24,RL_IACKO,29665,LOW-SPARSE URBAN
25,RL_IAD?F,1043.0444,OPEN LAND
26,RL_IAD@P,122.9545,SPARSE TREE
27,RL_IADAB,864.0383,OPEN LAND
28,RL_IADGK,3.0446,AVERAGE-DENSE URBAN
29,RL_IADGP,4.0595,AVERAGE-DENSE URBAN
30,RL_IADI>,13.9739,LOW-DENSE URBAN
31,RL_IADII,4.9962,DENSE TREE
32,RL_IADIL,510.0074,DENSE TREE
33,RL_IADJJ,71.9772,OPEN LAND
34,RL_IADKB,555.0518,DENSE TREE
35,RL_IADMO,28.0258,OPEN IN URBAN
36,RL_IADRL,253.013,OPEN IN URBAN
37,RL_IADWB,9.9925,LOW-DENSE URBAN
38,RL_IAHS@,687.9987,OPEN LAND
39,RL_IAHSJ,949.9894,SPARSE TREE
40,RL_IAHSW,1231.0282,OPEN LAND
41,RL_IAJN>,569884,OPEN IN URBAN
42,RL_IAJQH,942.9634,BUILTUP-VILLAGE
43,RL_IAL?K,8.0408,AVERAGE-DENSE URBAN
44,RL_IALI>,3.9814,AVERAGE-DENSE URBAN
45,RL_IALM@,790.9682,BUILTUP-VILLAGE
46,RL_IALMV,617.9732,OPEN LAND
47,RL_IALSV,1107.9956,SPARSE TREE
48,RL_IAOPK,43.0146,AVERAGE-DENSE URBAN
49,RL_IAS?J,489476,AVERAGE-MEDIUM URBAN
50,RL_IAS?M,1.0149,AVERAGE-SPARSE URBAN
51,RL_IASMP,49962,LOW-SPARSE URBAN
52,RL_IASQR,1114.9436,DENSE TREE
53,RL_IAT?E,549587,SPARSE TREE
54,RL_IAT?K,80.018,OPEN IN URBAN
55,RL_IATC?,1002.9964,SPARSE TREE
56,RL_IATI>,1559.9998,SPARSE TREE
57,RL_IATSI,1404.9601,SPARSE TREE
58,RL_IATSS,60.9698,LOW-MEDIUM URBAN
59,RL_IAVL>,54.0219,DENSE TREE
60,RL_IAVL@,32.0072,SPARSE TREE
61,RL_IAVLA,38.9551,SPARSE TREE
62,RL_IAVLB,23.0296,SPARSE TREE
63,RL_IAVPP,70.0255,DENSE TREE
64,RL_IAZ?@,1849.0015,OPEN LAND
65,RL_IAZMH,301.9606,OPEN LAND
66,RL_IBBCP,232.0132,OPEN LAND
67,RL_IBBEP,8.0408,AVERAGE-DENSE URBAN
68,RL_IBBIJ,6.0111,LOW-DENSE URBAN
69,RL_IBBJB,19.985,AVERAGE-DENSE URBAN
70,RL_IBBKR,8.9776,AVERAGE-DENSE URBAN
71,RL_IBBMV,112.962,SPARSE TREE
72,RL_IBBP>,205.0022,OPEN LAND
73,RL_IBBQF,2.0297,OPEN IN URBAN
74,RL_IBBQR,7.026,HIGH-DENSE URBAN
75,RL_IBBRB,523.9813,DENSE TREE
76,RL_IBBRF,3.9814,HIGH-DENSE URBAN
77,RL_IBBT/,27.011,AVERAGE-MEDIUM URBAN
78,RL_IBBTP,32.944,SPARSE TREE
79,RL_IBBTV,18.0333,AVERAGE-DENSE URBAN
80,RL_IBBWB,8.9776,AVERAGE-DENSE URBAN
81,RL_IBBXR,71.9772,OPEN IN URBAN
82,RL_IBC@E,29.0407,AVERAGE-DENSE URBAN
83,RL_IBCCA,216.0096,LOW-MEDIUM URBAN
84,RL_IBCIE,24.9812,AVERAGE-DENSE URBAN
85,RL_IBD?K,4.9962,HIGH-DENSE URBAN
86,RL_IBDCS,49.9625,OPEN IN URBAN
87,RL_IBDGH,208.0468,DENSE TREE
88,RL_IBDJ>,2.0297,AVERAGE-DENSE URBAN
89,RL_IBDKH,282.9905,OPEN LAND
90,RL_IBDMV,1527.9926,SPARSE TREE
91,RL_IBDSP,107.9658,SPARSE TREE
92,RL_IBEGJ,319.994,DENSE TREE
93,RL_IBEJU,9.9925,LOW-DENSE URBAN
94,RL_IBEKE,16.0036,AVERAGE-DENSE URBAN
95,RL_IBEME,6.0111,AVERAGE-DENSE URBAN
96,RL_IBEQE,13.0371,LOW-MEDIUM URBAN
97,RL_IBFJF,260.039,GREEN HOUSE
98,RL_IBFKF,179.0061,GREEN HOUSE
99,RL_IBHGO,8.9776,AVERAGE-DENSE URBAN
100,RL_IBHMI,190.9503,HIGH-ISOLATED-BUILDINGS
101,RL_IBHSI,11.0074,AVERAGE-DENSE URBAN
102,RL_IBHSO,24.9812,HIGH-ISOLATED-BUILDINGS
103,RL_IBIAQ,19.985,AVERAGE-DENSE URBAN
104,RL_IBIQQ,13.0371,AVERAGE-DENSE URBAN
105,RL_IBJCC,93.9919,OPEN LAND
106,RL_IBJLB,49.0257,DENSE TREE
107,RL_IBJQQ,112.962,DENSE TREE
108,RL_IBL?E,669.9654,OPEN LAND
109,RL_IBL?I,6.0111,LOW-MEDIUM URBAN
110,RL_IBL?M,1350.0013,OPEN LAND
111,RL_IBLCJ,37.0034,AVERAGE-DENSE URBAN
112,RL_IBLCP,129.0437,OPEN LAND
113,RL_IBLCV,9.9925,OPEN IN URBAN
114,RL_IBLGM,18.0333,INDUSTRIAL & COMMERCIAL
115,RL_IBLPD,150.0435,LOW-MEDIUM URBAN
116,RL_IBLPS,25.9961,DENSE TREE
117,RL_IBLXM,3.9814,OPEN IN URBAN
118,RL_IBM?O,60.033,LOW-DENSE URBAN
119,RL_IBMCS,17.0185,AVERAGE-DENSE URBAN
120,RL_IBMGQ,43.0146,OPEN IN URBAN
121,RL_IBMM@,8.9776,LOW-DENSE URBAN
122,RL_IBN??,7.026,HIGH-DENSE URBAN
123,RL_IBN?@,6.0111,LOW-DENSE URBAN
124,RL_IBN@E,4.9962,AVERAGE-DENSE URBAN
125,RL_IBNCI,1.0149,AVERAGE-DENSE URBAN
126,RL_IBNFO,50.0405,LOW-SPARSE URBAN
127,RL_IBNPF,4.9962,DENSE TREE
128,RL_IBNQK,82.9845,GREEN HOUSE
129,RL_IBO?E,30.0555,OPEN IN URBAN
130,RL_IBO@R,377.9973,GREEN HOUSE
131,RL_IBOA>,613.9918,OPEN LAND
132,RL_IBOI>,2.9665,AVERAGE-DENSE URBAN
133,RL_IBOIL,7.026,AVERAGE-MEDIUM URBAN
134,RL_IBOK>,11.0074,LOW-DENSE URBAN
135,RL_IBORL,16.0036,OPEN IN URBAN
136,RL_IBP@?,93.0551,DENSE TREE
137,RL_IBP@L,88.9956,AVERAGE-MEDIUM URBAN
138,RL_IBP@P,124.9842,DENSE TREE
139,RL_IBPF>,19.985,AVERAGE-DENSE URBAN
140,RL_IBPII,24.9812,OPEN IN URBAN
141,RL_IBPPJ,1027.9777,DENSE TREE
142,RL_IBPRO,1.0149,INDUSTRIAL & COMMERCIAL
143,RL_IBPTL,59.0182,LOW-MEDIUM URBAN
144,RL_IBQGK,4.9962,AVERAGE-DENSE URBAN
145,RL_IBQP@,71.9772,AVERAGE-MEDIUM URBAN
146,RL_IBQPH,1,OPEN IN URBAN
147,RL_IBQSO,64.0144,DENSE TREE
148,RL_IBQWV,6.0111,GREEN HOUSE
149,RL_IBT?J,1.0149,HIGH-DENSE URBAN
150,RL_IBT?O,8.0408,AVERAGE-DENSE URBAN
151,RL_IBTBB,11.0074,AVERAGE-MEDIUM URBAN
152,RL_IBTCH,19.985,AVERAGE-DENSE URBAN
153,RL_IBTGK,61.9847,LOW-DENSE URBAN
154,RL_IBTJV,502.9815,OPEN LAND
155,RL_IBTKL,296.0276,AVERAGE-DENSE URBAN
156,RL_IBTLQ,7.026,HIGH-DENSE URBAN
157,RL_IBTMW,4.9962,HIGH-DENSE URBAN
158,RL_IBTSD,25.9961,AVERAGE-DENSE URBAN
159,RL_IBTSK,2.0297,AVERAGE-DENSE URBAN
160,RL_IBU?V,90.0105,OPEN IN URBAN
161,RL_IBUMS,54.9587,GREEN HOUSE
162,RL_IBUPH,7.026,HIGH-DENSE URBAN
163,RL_IBVL>,22.0147,OPEN IN URBAN
164,RL_IBVRL,96.0216,AVERAGE-DENSE URBAN
165,RL_IBVXJ,681.9876,DENSE TREE
166,RL_IBWJI,2.9665,OPEN IN URBAN
167,RL_IBXRM,24.0444,OPEN IN URBAN
168,RL_IBZ?Q,9.9925,LOW-SPARSE URBAN
169,RL_IBZSJ,14.9887,INDUSTRIAL & COMMERCIAL
170,RL_ID2GJ,102.9695,INDUSTRIAL & COMMERCIAL
171,RL_IDBEQ,303.9904,INDUSTRIAL & COMMERCIAL
172,RL_IDBII,301.9606,INDUSTRIAL & COMMERCIAL
173,RL_IDBJV,30.9923,GREEN HOUSE
174,RL_IDBQ?,49.0257,INDUSTRIAL & COMMERCIAL
175,RL_IDC?I,301.9606,INDUSTRIAL & COMMERCIAL
176,RL_IDDGE,55.9736,INDUSTRIAL & COMMERCIAL
177,RL_IDDMI,22.0147,LOW-MEDIUM URBAN
178,RL_IDE?D,774.0278,OPEN LAND
179,RL_IDECJ,60.033,HIGH-ISOLATED-BUILDINGS
180,RL_IDECS,90.0105,LOW-DENSE URBAN
181,RL_IDEQJ,306.0201,LOW-MEDIUM URBAN
182,RL_IDFPD,61.9847,INDUSTRIAL & COMMERCIAL
183,RL_IDFPJ,33.9589,OPEN IN URBAN
184,RL_IDGCS,112.962,SPARSE TREE
185,RL_IDGMO,53.007,OPEN IN URBAN
186,RL_IDHCV,786.9868,BUILTUP-VILLAGE
187,RL_IDHL@,38.9551,AVERAGE-DENSE URBAN
188,RL_IDHM@,135.9916,LOW-DENSE URBAN
189,RL_IDHSO,11.0074,SPARSE TREE
190,RL_IDHSS,45.9811,AVERAGE-DENSE URBAN
191,RL_IDI?@,54.0219,GREEN HOUSE
192,RL_IDI?P,50.9773,VERYHIGH-SPARSE BLOCK BUILDINGS
193,RL_IDIPJ,1.0149,LOW-MEDIUM URBAN
194,RL_IDISK,62.9995,OPEN IN URBAN
195,RL_IDJRO,108.9806,OPEN LAND
196,RL_IDL?I,38.9551,LOW-DENSE URBAN
197,RL_IDL?K,96.9584,LOW-DENSE URBAN
198,RL_IDL?O,365.975,OPEN LAND
199,RL_IDLGO,297.9792,OPEN LAND
200,RL_IDLJQ,59.0182,LOW-DENSE URBAN
201,RL_IDLLI,95.0067,OPEN IN URBAN
202,RL_IDLN>,62.9995,OPEN IN URBAN
203,RL_IDLPQ,50.9773,AVERAGE-DENSE URBAN
204,RL_IDLSI,65.0293,AVERAGE-DENSE URBAN
205,RL_IDLSK,54.0219,AVERAGE-SPARSE URBAN
206,RL_IDLXV,88.9956,HIGH-DENSE URBAN
207,RL_IDN?@,71.0404,OPEN IN URBAN
208,RL_IDN?P,243.0205,HIGH-SPARSE URBAN
209,RL_IDN?W,179.0061,LOW-MEDIUM URBAN
210,RL_IDNBO,60.9698,GREEN HOUSE
211,RL_IDNCD,4.9962,LOW-MEDIUM URBAN
212,RL_IDNGQ,66.9809,AVERAGE-DENSE URBAN
213,RL_IDO?K,39.97,AVERAGE-DENSE URBAN
214,RL_IDQ?W,56.9884,LOW-DENSE URBAN
215,RL_IDQCO,9.9925,INDUSTRIAL & COMMERCIAL
216,RL_IDQGK,70.0255,GREEN HOUSE
217,RL_IDQPK,50.9773,INDUSTRIAL & COMMERCIAL
218,RL_IDTCA,60.033,AVERAGE-DENSE URBAN
219,RL_IDTCI,4.9962,AVERAGE-DENSE URBAN
220,RL_IDTCV,81.0329,LOW-DENSE URBAN
221,RL_IDTGQ,27.011,HIGH-DENSE URBAN
222,RL_IDTJC,6.0111,SPARSE TREE
223,RL_IDTMD,55.9736,HIGH-DENSE URBAN
224,RL_IDTSJ,75.0218,OPEN IN URBAN
225,RL_IDU1/,56.9884,AVERAGE-DENSE URBAN
226,RL_IDU?E,71.0404,LOW-DENSE URBAN
227,RL_IDU?H,67.9958,LOW-SPARSE URBAN
228,RL_IDU?Q,70.0255,LOW-DENSE URBAN
229,RL_IDU?V,88.9956,OPEN IN URBAN
230,RL_IDU@>,67.9958,GREEN HOUSE
231,RL_IDUAL,51.9922,GREEN HOUSE
232,RL_IDUCH,37.0034,OPEN IN URBAN
233,RL_IDUCO,106.0141,LOW-DENSE URBAN
234,RL_IDUDO,87.9808,OPEN IN URBAN
235,RL_IDUER,49.9625,OPEN IN URBAN
236,RL_IDUGI,313.9828,OPEN LAND
237,RL_IDUGM,53.007,OPEN IN URBAN
238,RL_IDUIA,22.0147,BUILTUP-VILLAGE
239,RL_IDUIL,902.9934,SPARSE TREE
240,RL_IDUIV,51.9922,AVERAGE-DENSE URBAN
241,RL_IDUIW,88.9956,AVERAGE-DENSE URBAN
242,RL_IDUK>,27.011,LOW-DENSE URBAN
243,RL_IDUKB,67.9958,GREEN HOUSE
244,RL_IDUKO,6.0111,AVERAGE-DENSE URBAN
245,RL_IDUKV,19.0482,HIGH-MEDIUM URBAN
246,RL_IDUMD,13.0371,OPEN IN URBAN
247,RL_IDUPK,2.9665,OPEN LAND
248,RL_IDUQF,11.0074,LOW-MEDIUM URBAN
249,RL_IDUQH,55.9736,LOW-DENSE URBAN
250,RL_IDUQR,71.0404,OPEN IN URBAN
251,RL_IDUQW,59.0182,OPEN IN URBAN
252,RL_IDURR,12.0222,HIGH-DENSE URBAN
253,RL_IDUSK,542.0146,DENSE TREE
254,RL_IDUSO,46.9959,HIGH-ISOLATED-BUILDINGS
255,RL_IDUT>,113.9769,OPEN IN URBAN
256,RL_IDUTJ,102.9695,OPEN IN URBAN
257,RL_IDUWB,297.9792,LOW-DENSE URBAN
258,RL_IDVJP,71.0404,OPEN IN URBAN
259,RL_IDW?O,101.0179,OPEN IN URBAN
260,RL_IDZCV,946.008,OPEN LAND
261,RL_IDZEI,49.0257,LOW-MEDIUM URBAN
262,RL_IDZK>,290.0165,LOW-MEDIUM URBAN
263,RL_ID[CV,51.9922,OPEN IN URBAN
264,RL_ID[WQ,75.0218,LOW-SPARSE URBAN
265,RL_IGV?P,130371,OPEN LAND
266,RL_IHB@@,1998.0302,OPEN LAND
267,RL_IHBAF,1.0149,AVERAGE-DENSE URBAN
268,RL_IHBBB,9.9925,LOW-SPARSE URBAN
269,RL_IHBBI,249.9684,SPARSE TREE
270,RL_IHBI>,1.9517,OPEN IN URBAN
271,RL_IHBII,1.0149,OPEN LAND
272,RL_IHBKF,8.0408,HIGH-DENSE URBAN
273,RL_IHBKV,1.0149,AVERAGE-DENSE URBAN
274,RL_IHBNO,692.9949,DENSE TREE
275,RL_IHBWH,896.9823,DENSE TREE
276,RL_IHBWK,1.0149,AVERAGE-DENSE URBAN
277,RL_IHBWL,1.0149,OPEN IN URBAN
278,RL_IHCJH,1,OPEN LAND
279,RL_IHD?O,532.0222,DENSE TREE
280,RL_IHD?Q,794.9496,BUILTUP-VILLAGE
281,RL_IHDSH,1206.9838,BUILTUP-VILLAGE
282,RL_IHHLP,1.0149,AVERAGE-DENSE URBAN
283,RL_IHHPB,1.0149,AVERAGE-DENSE URBAN
284,RL_IHI?O,248.0168,DENSE TREE
285,RL_IHJDC,644.9841,DENSE TREE
286,RL_IHL?I,30.9923,LOW-MEDIUM URBAN
287,RL_IHL?V,999.0151,OPEN LAND
288,RL_IHLBK,1.0149,AVERAGE-DENSE URBAN
289,RL_IHLCP,689.0136,OPEN LAND
290,RL_IHLRH,13.9739,LOW-DENSE URBAN
291,RL_IHTGP,1051.0072,OPEN LAND
292,RL_IHTKB,9.0557,AVERAGE-DENSE URBAN
293,RL_IHTQE,4.0595,OPEN IN URBAN
294,RL_IHUEB,1468.9745,DENSE TREE
295,RL_IHZCH,639.9879,DENSE TREE
296,RL_IHZCP,1219.9427,OPEN LAND
297,RL_IIBI>,39.97,GREEN HOUSE
298,RL_IIBL>,13.9739,INDUSTRIAL & COMMERCIAL
299,RL_IILM@,8.9776,OPEN IN URBAN
300,RL_IIM?A,3.9814,HIGH-MEDIUM URBAN
301,RL_IIQ?W,6.0111,LOW-DENSE URBAN
302,RL_IIQCK,12.0222,INDUSTRIAL & COMMERCIAL
303,RL_IITCO,1.0149,INDUSTRIAL & COMMERCIAL
304,RL_IJBCV,6050142,BUILTUP-VILLAGE
305,RL_IJBN>,32.0072,OPEN IN URBAN
306,RL_IJD?J,869659,LOW-DENSE URBAN
307,RL_IJECJ,50.9773,AVERAGE-DENSE URBAN
308,RL_IJEQJ,302.9755,OPEN IN URBAN
309,RL_IJFIB,6279657,SPARSE TREE
310,RL_IJFJB,721.9576,DENSE TREE
311,RL_IJFJF,2351.9829,OPEN LAND
312,RL_IJFJJ,1146.014,LOW-DENSE URBAN
313,RL_IJPNR,39.97,LOW-DENSE URBAN
314,RL_IJT?K,302.9755,INDUSTRIAL & COMMERCIAL
315,RL_IJTGK,41.9997,AVERAGE-SPARSE URBAN
316,RL_IKSK>,7026,LOW-DENSE URBAN
317,RL_IKSKL,10149,LOW-MEDIUM URBAN
318,RL_IKSSJ,60111,LOW-MEDIUM URBAN
319,RL_ILBPP,114.9917,AVERAGE-DENSE URBAN
320,RL_ILIGI,8.9776,AVERAGE-SPARSE URBAN
321,RL_ILNPH,97.9733,GREEN HOUSE
322,RL_ILSJH,44.9662,AVERAGE-DENSE URBAN
323,RL_ILUMK,40.9848,GREEN HOUSE
324,RL_IOBBR,1690136,OPEN LAND
325,RL_IOBJF,53.007,DENSE TREE
326,RL_IOBRJ,469959,OPEN IN URBAN
327,RL_IOBW>,101.0179,OPEN IN URBAN
328,RL_IOC??,590182,AVERAGE-DENSE URBAN
329,RL_IOC?I,7990091,BUILTUP-VILLAGE
330,RL_IOCMW,4100045,OPEN LAND
331,RL_IODCP,419997,OPEN IN URBAN
332,RL_IODCS,390332,OPEN IN URBAN
333,RL_IODQQ,419997,LOW-DENSE URBAN
334,RL_IOE??,139973,BUILTUP-VILLAGE
335,RL_IOE?H,3840084,OPEN LAND
336,RL_IOEGI,419997,AVERAGE-DENSE URBAN
337,RL_IOEGK,580033,OPEN IN URBAN
338,RL_IOEMQ,769734,OPEN IN URBAN
339,RL_IOEMW,2020357,OPEN LAND
340,RL_IOFK>,71.9772,AVERAGE-DENSE URBAN
341,RL_IOFLF,233028,OPEN LAND
342,RL_IOFQH,25,
343,RL_IOGMO,359886,INDUSTRIAL & COMMERCIAL
344,RL_IOH?I,560516,OPEN IN URBAN
345,RL_IOHCK,2110133,OPEN LAND
346,RL_IOHGA,409848,INDUSTRIAL & COMMERCIAL
347,RL_IOHS@,349737,LOW-DENSE URBAN
348,RL_IOI?I,2060171,SPARSE TREE
349,RL_IOI?S,390332,OPEN IN URBAN
350,RL_IOJJE,49.0257,OPEN IN URBAN
351,RL_IOJMQ,659661,OPEN IN URBAN
352,RL_IOJQD,2.0297,LOW-MEDIUM URBAN
353,RL_IOJQQ,480108,OPEN IN URBAN
354,RL_IOL?O,2260021,SPARSE TREE
355,RL_IOLAA,10090076,SPARSE TREE
356,RL_IOLCJ,889956,LOW-DENSE URBAN
357,RL_IOLPA,450443,LOW-MEDIUM URBAN
358,RL_IOLPQ,3149977,SPARSE TREE
359,RL_IOLSH,3110163,OPEN LAND
360,RL_IOMLV,3349827,SPARSE TREE
361,RL_IOQ?J,1489506,LOW-DENSE URBAN
362,RL_IOQ?P,560516,AVERAGE-DENSE URBAN
363,RL_IOQ?W,1189731,OPEN LAND
364,RL_IOQMI,669809,OPEN IN URBAN
365,RL_IOT?K,500405,OPEN IN URBAN
366,RL_IOT?W,89776,LOW-DENSE URBAN
367,RL_IOUSO,679958,OPEN LAND
368,RL_IOVXR,189701,OPEN LAND
369,RL_IOWBO,710.0134,DENSE TREE
370,RL_J7ICS,49.9625,OPEN IN URBAN
371,RL_J7IRI,16.0036,SPARSE TREE
372,RL_J7SGP,108.9806,LOW-DENSE URBAN
373,RL_J7SMK,18.0333,OPEN IN URBAN
374,RL_J7Z?Q,615.0067,OPEN LAND
375,RL_J;BAE,4.9962,LOW-MEDIUM URBAN
376,RL_J;BAM,2.0297,DENSE TREE
377,RL_J;D?H,16.0036,LOW-DENSE URBAN
378,RL_J;ECK,243.0205,DENSE TREE
379,RL_J;HCO,2029725,OPEN LAND
380,RL_J;HP>,2.0297,OPEN IN URBAN
381,RL_J;L?V,1.0149,LOW-MEDIUM URBAN
382,RL_J;M1D,3.9814,OPEN IN URBAN
383,RL_J;M@F,9.9925,LOW-MEDIUM URBAN
384,RL_J;MB>,2.0297,LOW-DENSE URBAN
385,RL_J;MIK,675.9765,OPEN LAND
386,RL_J;MIQ,9.9925,SPARSE TREE
387,RL_J;MKO,1.0149,LOW-MEDIUM URBAN
388,RL_J;ML>,4.9962,AVERAGE-MEDIUM URBAN
389,RL_J;MLO,4.9962,LOW-MEDIUM URBAN
390,RL_J;MPU,7.026,OPEN LAND
391,RL_J;MQD,3.9814,HIGH-DENSE URBAN
392,RL_J;MR.,30.0555,DENSE TREE
393,RL_J;MR0,14.9887,LOW-MEDIUM URBAN
394,RL_J;TFJ,878.0122,DENSE TREE
395,RL_J;TGO,9.0557,AVERAGE-SPARSE URBAN
396,RL_J;TIV,1009.9443,OPEN LAND
397,RL_J;TMO,271.9832,INDUSTRIAL & COMMERCIAL
398,RL_J;TNP,3.0446,HIGH-DENSE URBAN
399,RL_J;TRS,1294.0278,OPEN LAND
400,RL_J;YMP,6.0111,HIGH-DENSE URBAN
401,RL_J;[CP,2.9665,LOW-MEDIUM URBAN
402,RL_JAD?H,1794.0427,OPEN LAND
403,RL_JBVCB,2.9665,AVERAGE-DENSE URBAN
404,RL_JEC?P,13539827,OPEN LAND
405,RL_JEHIB,3.9814,OPEN LAND
406,RL_JEHMQ,2.9665,OPEN LAND
407,RL_JEHQF,4.9962,OPEN IN URBAN
408,RL_JEUCM,12.0222,GREEN HOUSE
409,RL_JE[BL,1320102,OPEN LAND
410,RL_JE[RB,214.9947,LOW-SPARSE URBAN
411,RL_JKSKB,172995,LOW-DENSE URBAN
412,RL_JKSMK,38.0183,AVERAGE-DENSE URBAN
413,RL_JK[J@,179.0061,OPEN LAND
414,RL_JPD?J,5019666,DENSE TREE
415,RL_JPEIL,6520101,OPEN LAND
416,RL_K7IGQ,71.0404,OPEN IN URBAN
417,RL_K7LGO,38.9551,LOW-DENSE URBAN
418,RL_K7LI>,19.0482,SPARSE TREE
419,RL_K7LMP,985.978,SPARSE TREE
420,RL_K7LRS,1380213,SPARSE TREE
421,RL_K7MI>,54.9587,LOW-DENSE URBAN
422,RL_K7NBF,49.0257,DENSE TREE
423,RL_K7NBL,44.9662,DENSE TREE
424,RL_K7NPF,1.0149,AVERAGE-MEDIUM URBAN
425,RL_K7NRQ,7.026,LOW-MEDIUM URBAN
426,RL_K7NWO,3.9814,LOW-MEDIUM URBAN
427,RL_K7NWR,4.9962,OPEN LAND
428,RL_K7OBO,34.9737,OPEN LAND
429,RL_K7SIL,238.9611,OPEN LAND
430,RL_K7SIS,639.9879,SPARSE TREE
431,RL_K7SRS,143.9543,LOW-SPARSE URBAN
432,RL_K7Z?Q,1126.9658,SPARSE TREE
433,RL_K7Z@I,292.983,AVERAGE-DENSE URBAN
434,RL_K7ZAJ,1483.0264,SPARSE TREE
435,RL_K7ZCD,750.9982,BUILTUP-VILLAGE
436,RL_K7ZI>,544.0444,SPARSE TREE
437,RL_K7ZM?,2827.0166,OPEN LAND
438,RL_K8BEF,1167.0138,SPARSE TREE
439,RL_K;CQV,44.9662,OPEN IN URBAN
440,RL_K;OBO,38.0183,HIGH-ISOLATED-BUILDINGS
441,RL_K;WWI,58.0033,OPEN IN URBAN
442,RL_K;WXI,1098.0032,OPEN LAND
443,RL_K?HJH,338.0273,OPEN LAND
444,RL_K?OC>,3759675,DENSE TREE
445,RL_K?OCJ,72992,OPEN IN URBAN
446,RL_K?OCP,1309953,SPARSE TREE
447,RL_K?OCQ,2709683,OPEN LAND
448,RL_K?OQ>,779883,LOW-DENSE URBAN
449,RL_K?OQL,4249932,SPARSE TREE
450,RL_K?QJ>,298.9941,OPEN LAND
451,RL_K?SMO,71.9772,SPARSE TREE
452,RL_K?WPB,5339738,AVERAGE-DENSE URBAN
453,RL_KBJQQ,16.0036,LOW-DENSE URBAN
454,RL_KCCPK,9.0557,BUILTUP-VILLAGE
455,RL_KCP@>,313.9828,OPEN LAND
456,RL_KETBO,550.0555,DENSE TREE
457,RL_KHBJF,348.9566,SPARSE TREE
458,RL_KHZQQ,4.9962,AVERAGE-MEDIUM URBAN
459,RL_KIUCM,459811,INDUSTRIAL & COMMERCIAL
460,RL_KKC@I,361.9937,SPARSE TREE
461,RL_KMB@W,158.0063,OPEN LAND
462,RL_KMBNI,2204.0471,OPEN LAND
463,RL_KMBQH,949.9894,SPARSE TREE
464,RL_KMBQO,1559.9998,DENSE TREE
465,RL_KMC?@,1,SPARSE TREE
466,RL_KMCWM,2041.9814,BUILTUP-VILLAGE
467,RL_KMD?H,76.9734,OPEN LAND
468,RL_KMDNQ,247.0019,OPEN LAND
469,RL_KMELJ,923.9933,SPARSE TREE
470,RL_KMGCP,1921.9934,BUILTUP-VILLAGE
471,RL_KMHCA,1114.0068,SPARSE TREE
472,RL_KMJSE,896.9823,OPEN LAND
473,RL_KMLMH,633.04,SPARSE TREE
474,RL_KMLPA,1930.9711,OPEN LAND
475,RL_KMLSA,2077.0332,OPEN LAND
476,RL_KMLW@,889956,INDUSTRIAL & COMMERCIAL
477,RL_KMMGP,2146.9807,OPEN LAND
478,RL_KMNSW,11.0074,LOW-SPARSE URBAN
479,RL_KMT?O,2077.0332,OPEN LAND
480,RL_KMTMM,20297,OPEN LAND
481,RL_KMTNA,1594.0367,OPEN LAND
482,RL_KMTQ.,214.9947,OPEN LAND
483,RL_KMU@P,1.0149,OPEN IN URBAN
484,RL_KMUI>,1597.0033,OPEN LAND
485,RL_KMUI@,737.0244,OPEN LAND
486,RL_KMZ@P,1988.0376,OPEN LAND
487,RL_L7GJL,20297,LOW-DENSE URBAN
488,RL_L7H@P,998.0002,DENSE TREE
489,RL_L7HCI,952.0191,OPEN LAND
490,RL_L7HJ@,988.0077,DENSE TREE
491,RL_L7HMI,10149,OPEN IN URBAN
492,RL_L7L?S,189701,OPEN LAND
493,RL_L7LA>,249812,OPEN IN URBAN
494,RL_L7LK>,110074,OPEN IN URBAN
495,RL_L7LQB,359886,OPEN IN URBAN
496,RL_L7LSI,365975,BUILTUP-VILLAGE
497,RL_L7NCO,59955,AVERAGE-DENSE URBAN
498,RL_L7NJ>,11.0074,AVERAGE-DENSE URBAN
499,RL_L7O?W,39814,DENSE TREE
500,RL_L7SG@,1,BUILTUP-VILLAGE
501,RL_L7TCS,10149,OPEN IN URBAN
502,RL_L7TMD,39814,SPARSE TREE
503,RL_L7UCH,20297,OPEN IN URBAN
504,RL_L7USO,609698,OPEN IN URBAN
505,RL_L7WQH,60111,OPEN IN URBAN
506,RL_L7WWR,7026,SPARSE TREE
507,RL_L8U?P,576.9883,DENSE TREE
508,RL_L;DGH,30.9923,OPEN IN URBAN
509,RL_L;NAD,1.0149,LOW-DENSE URBAN
510,RL_L;NIB,177.9913,SPARSE TREE
511,RL_L;NPB,45.0443,LOW-MEDIUM URBAN
512,RL_L;NSD,103.9844,GREEN HOUSE
513,RL_L;OIQ,44.9662,LOW-DENSE URBAN
514,RL_L;OQF,690107,SPARSE TREE
515,RL_L;S?H,736.0095,SPARSE TREE
516,RL_L;SC@,311.0163,DENSE TREE
517,RL_L;SEL,628.9805,DENSE TREE
518,RL_L;SLM,753.028,DENSE TREE
519,RL_L;SRP,601.9696,DENSE TREE
520,RL_L=OA>,744.9871,OPEN LAND
521,RL_L?BIH,1290437,BUILTUP-VILLAGE
522,RL_L?D?M,20297,LOW-DENSE URBAN
523,RL_L?D?O,290407,LOW-DENSE URBAN
524,RL_L?DMH,450443,LOW-MEDIUM URBAN
525,RL_L?E?H,2509833,DENSE TREE
526,RL_L?E?K,430146,LOW-DENSE URBAN
527,RL_L?E?V,29665,LOW-DENSE URBAN
528,RL_L?EAJ,259961,INDUSTRIAL & COMMERCIAL
529,RL_L?EAQ,390332,LOW-DENSE URBAN
530,RL_L?EAR,309923,LOW-DENSE URBAN
531,RL_L?EAS,390332,AVERAGE-DENSE URBAN
532,RL_L?ECP,180333,AVERAGE-DENSE URBAN
533,RL_L?EGJ,29665,AVERAGE-DENSE URBAN
534,RL_L?EGK,189701,LOW-DENSE URBAN
535,RL_L?EK>,249812,OPEN IN URBAN
536,RL_L?EKP,160036,OPEN LAND
537,RL_L?ELW,489476,OPEN LAND
538,RL_L?EQL,230296,AVERAGE-DENSE URBAN
539,RL_L?ERJ,700255,OPEN IN URBAN
540,RL_L?EWB,850143,OPEN IN URBAN
541,RL_L?GCS,149887,LOW-DENSE URBAN
542,RL_L?H?V,149887,OPEN IN URBAN
543,RL_L?HMP,19985,HIGH-DENSE URBAN
544,RL_L?N?S,320072,OPEN IN URBAN
545,RL_L?NA>,212.0282,DENSE TREE
546,RL_L?NCJ,99925,AVERAGE-MEDIUM URBAN
547,RL_L?NCK,349737,OPEN IN URBAN
548,RL_L?NMA,13.9739,LOW-DENSE URBAN
549,RL_L?OAL,16.0036,HIGH-DENSE URBAN
550,RL_L?T?M,130371,LOW-MEDIUM URBAN
551,RL_L?TGQ,249812,OPEN IN URBAN
552,RL_L?TMA,49962,AVERAGE-DENSE URBAN
553,RL_L?WCO,320072,AVERAGE-DENSE URBAN
554,RL_L?Z?V,390332,OPEN LAND
555,RL_LCCCV,72.0552,OPEN LAND
556,RL_LEHSD,49.0257,AVERAGE-MEDIUM URBAN
557,RL_LELK>,74.0069,AVERAGE-DENSE URBAN
558,RL_LEMA@,9.9925,LOW-DENSE URBAN
559,RL_LET?I,301.9606,LOW-DENSE URBAN
560,RL_LETAM,305.0052,OPEN LAND
561,RL_LETJQ,296.0276,INDUSTRIAL & COMMERCIAL
562,RL_LETWB,290.0165,INDUSTRIAL & COMMERCIAL
563,RL_LEZP>,70.0255,LOW-DENSE URBAN
564,RL_LHUEJ,1133.9917,DENSE TREE
565,RL_LKBAV,271.0464,DENSE TREE
566,RL_LKEQI,92.0402,OPEN IN URBAN
567,RL_LK[WO,617.0364,DENSE TREE
568,RL_LPD?J,286.9719,DENSE TREE
569,RL_M7LAV,1106.0441,OPEN LAND
570,RL_M9HP>,2.0297,OPEN IN URBAN
571,RL_M9JLB,1509803,DENSE TREE
572,RL_M<U?I,4.9962,HIGH-DENSE URBAN
573,RL_M=FKJ,469959,AVERAGE-DENSE URBAN
574,RL_MADQQ,305.0052,OPEN IN URBAN
575,RL_MBC?V,1036.9553,BUILTUP-VILLAGE
576,RL_MBHMI,1159.9878,OPEN LAND
577,RL_MBN?>,1093.007,LOW-DENSE URBAN
578,RL_MBN@I,1320.0239,SPARSE TREE
579,RL_MBNDF,1085.0442,LOW-MEDIUM URBAN
580,RL_MBNWB,1110.9622,OPEN LAND
581,RL_MBWGP,1152.9619,OPEN LAND
582,RL_MFICP,130371,INDUSTRIAL & COMMERCIAL
583,RL_MHC?V,129.9805,LOW-DENSE URBAN
584,RL_MHCCV,519922,GREEN HOUSE
585,RL_MHEM.,72.992,OPEN IN URBAN
586,RL_MHFK>,108.9806,LOW-DENSE URBAN
587,RL_MHLCP,49.9625,LOW-MEDIUM URBAN
588,RL_MHLMV,101.9547,AVERAGE-DENSE URBAN
589,RL_MHNAJ,49.0257,DENSE TREE
590,RL_MIJPL,442.0117,OPEN LAND
591,RL_MJFNB,1143.9843,SPARSE TREE
592,RL_MOVT>,1028.9926,OPEN LAND
593,RL_N7MBF,46.9959,OPEN IN URBAN
594,RL_N7MCW,38.0183,AVERAGE-DENSE URBAN
595,RL_N;OPI,49.0257,SPARSE TREE
596,RL_N?CMI,145.0473,SPARSE TREE
597,RL_N?OGH,3.0446,AVERAGE-MEDIUM URBAN
598,RL_N?OQF,3.9814,DENSE TREE
599,RL_N?OQQ,1291.998,SPARSE TREE
600,RL_N?ORR,27.011,BUILTUP-VILLAGE
601,RL_N?S?Q,669809,AVERAGE-DENSE URBAN
602,RL_N?T?E,3.9814,DENSE TREE
603,RL_N?ZCP,53.007,DENSE TREE
604,RL_NCPMK,33.9589,LOW-SPARSE URBAN
605,RL_NDBI@,1.0149,DENSE TREE
606,RL_NMFX>,20.9998,OPEN LAND
607,RL_O7LMO,3.0446,GREEN HOUSE
608,RL_O7NM?,16.0036,AVERAGE-DENSE URBAN
609,RL_O7T?K,60.033,SPARSE TREE
610,RL_O7T?W,366.9899,OPEN LAND
611,RL_O7[?Q,1357.9641,DENSE TREE
612,RL_O7[@R,61.9847,OPEN IN URBAN
613,RL_O7[AJ,27.011,DENSE TREE
614,RL_O7[AL,342.0087,OPEN LAND
615,RL_O7[CV,507.9777,OPEN LAND
616,RL_O7[F>,34.9737,LOW-DENSE URBAN
617,RL_O7[GI,81.0329,GREEN HOUSE
618,RL_O7[GM,19.985,AVERAGE-DENSE URBAN
619,RL_O7[GP,85.0143,OPEN LAND
620,RL_O9LIV,459.9669,OPEN LAND
621,RL_O9T?E,10149,AVERAGE-DENSE URBAN
622,RL_O:HKR,963.9633,SPARSE TREE
623,RL_O:VKR,906.9748,OPEN LAND
624,RL_O;CGW,238.9611,DENSE TREE
625,RL_O;DGQ,831.0163,SPARSE TREE
626,RL_O;DKB,1306.9868,OPEN LAND
627,RL_O;ECI,901.9786,DENSE TREE
628,RL_O;MGK,474.0189,DENSE TREE
629,RL_O;SB>,412971,SPARSE TREE
630,RL_O;SGP,962.9484,OPEN LAND
631,RL_O;SKB,565981,OPEN LAND
632,RL_O?N?J,422.0267,DENSE TREE
633,RL_OEDCO,146.9989,LOW-DENSE URBAN
634,RL_OELIR,87.044,OPEN IN URBAN
635,RL_OELKE,165.9691,OPEN IN URBAN
636,RL_OEM?J,1.0149,LOW-MEDIUM URBAN
637,RL_OEMAV,187.9838,DENSE TREE
638,RL_OEN@B,1298.0092,OPEN LAND
639,RL_OENRS,1451.9559,DENSE TREE
640,RL_OESGU,6.0111,LOW-MEDIUM URBAN
641,RL_OEZEF,2.9665,DENSE TREE
642,RL_OEZKB,64.0144,DENSE TREE
643,RL_OEZLH,1.0149,HIGH-DENSE URBAN
644,RL_OEZMO,3.9814,OPEN IN URBAN
645,RL_OEZNO,2.0297,HIGH-DENSE URBAN
646,RL_OHJB>,39.97,LOW-SPARSE URBAN
647,RL_OHLMV,2750277,OPEN LAND
648,RL_OHNCK,569884,LOW-DENSE URBAN
649,RL_OKMBD,6990061,DENSE TREE
650,RL_OKMPI,1584.9811,OPEN LAND
651,RL_OKNWH,419997,OPEN LAND
652,RL_OKOA>,1143.9843,OPEN LAND
653,RL_OKOCJ,67.9958,LOW-DENSE URBAN
654,RL_OKS?I,2.9665,AVERAGE-MEDIUM URBAN
655,RL_OKSMJ,8.9776,LOW-DENSE URBAN
656,RL_OKSMP,20297,OPEN IN URBAN
657,RL_OK[?Q,209998,AVERAGE-DENSE URBAN
658,RL_OK[B>,39814,OPEN LAND
659,RL_OK[C?,49.9625,LOW-MEDIUM URBAN
660,RL_OK[CJ,39814,OPEN LAND
661,RL_OK[MI,49.9625,GREEN HOUSE
662,RL_OPDGJ,700.0209,OPEN LAND
663,RL_OPJL>,759.9759,DENSE TREE
664,RL_OPN?E,134.0399,OPEN LAND
665,RL_OPNPH,25.9961,AVERAGE-DENSE URBAN
666,RL_OPPJH,53.007,GREEN HOUSE
667,RL_OPTCI,1.0149,LOW-DENSE URBAN
668,RL_OPTGS,1563.0444,OPEN LAND
669,RL_OPU?S,22.0147,LOW-DENSE URBAN
670,RL_P7CCO,6.0111,AVERAGE-MEDIUM URBAN
671,RL_P7CK>,109.9955,INDUSTRIAL & COMMERCIAL
672,RL_P7D@>,1.0149,HIGH-DENSE URBAN
673,RL_P7DGP,43.0146,GREEN HOUSE
674,RL_P7DI>,1978.0452,OPEN LAND
675,RL_P7NQH,1316.0425,OPEN LAND
676,RL_P7QNV,4.9962,HIGH-DENSE URBAN
677,RL_P7SPV,3.9814,HIGH-ISOLATED-BUILDINGS
678,RL_P7T@E,46.9959,DENSE TREE
679,RL_P7TE?,561.9996,DENSE TREE
680,RL_P7WJJ,54.0219,INDUSTRIAL & COMMERCIAL
681,RL_P7WT>,8.0408,HIGH-MEDIUM URBAN
682,RL_P7Z@>,537.0184,OPEN LAND
683,RL_P7ZPQ,423.9783,SPARSE TREE
684,RL_P?EGO,1440.9486,BUILTUP-VILLAGE
685,RL_PEMJV,23.0296,OPEN LAND
686,RL_PESKO,1029695,LOW-DENSE URBAN
687,RL_PIBPO,967.0079,BUILTUP-VILLAGE
688,RL_PIZSO,19.0482,GREEN HOUSE
689,RL_PKTLR,83.9994,AVERAGE-MEDIUM URBAN
690,RL_Q8L?S,9470229,OPEN LAND
691,RL_Q8SMO,1083.0144,SPARSE TREE
692,RL_Q9BGO,59.0182,INDUSTRIAL & COMMERCIAL
693,RL_Q9ICP,1434.0007,OPEN LAND
694,RL_QBNCS,20297,OPEN IN URBAN
695,RL_QCS?E,946.008,OPEN LAND
696,RL_QDBA>,299775,LOW-MEDIUM URBAN
697,RL_QDCC@,12.0222,AVERAGE-DENSE URBAN
698,RL_QDDMQ,609698,OPEN LAND
699,RL_QDDQI,370034,SPARSE TREE
700,RL_QDNCO,440294,AVERAGE-DENSE URBAN
701,RL_QDTGO,3299865,OPEN LAND
702,RL_QIBDH,5879957,OPEN LAND
703,RL_R7D?O,24.9812,LOW-DENSE URBAN
704,RL_REZNB,3.9814,LOW-DENSE URBAN
705,RL_RKTRF,4.9962,LOW-MEDIUM URBAN
706,RL_S7E?S,629.9954,OPEN LAND
707,RL_S7EG>,51.9922,INDUSTRIAL & COMMERCIAL
708,RL_S7EGW,9.9925,OPEN IN URBAN
709,RL_S7ENI,12.0222,SPARSE TREE
710,RL_S7EP>,49.9625,OPEN LAND
711,RL_S7EPV,4.9962,OPEN LAND
712,RL_S7HJR,521.0148,BUILTUP-VILLAGE
713,RL_S7HSI,560.9847,DENSE TREE
714,RL_S7HSO,563.9513,OPEN LAND
715,RL_S7MAS,38.0183,LOW-DENSE URBAN
716,RL_S7MG@,33.9589,AVERAGE-DENSE URBAN
717,RL_S7MI>,523.0446,DENSE TREE
718,RL_S7MIH,95.0067,LOW-DENSE URBAN
719,RL_S7MIJ,123.9694,OPEN LAND
720,RL_S7MQ>,1246.017,DENSE TREE
721,RL_S7MRQ,9.0557,AVERAGE-MEDIUM URBAN
722,RL_S7MRS,22.0147,OPEN LAND
723,RL_S7MWB,1.0149,BUILTUP-VILLAGE
724,RL_S7N@R,110074,OPEN IN URBAN
725,RL_S7NI>,20297,LOW-DENSE URBAN
726,RL_S7QFM,201.0208,SPARSE TREE
727,RL_S7QG@,112.0252,BUILTUP-VILLAGE
728,RL_S7QPF,49962,AVERAGE-DENSE URBAN
729,RL_S7S?D,1421.9785,SPARSE TREE
730,RL_S7S?W,197.9763,SPARSE TREE
731,RL_S7SGH,58.0033,AVERAGE-DENSE URBAN
732,RL_S7SGW,130371,HIGH-DENSE URBAN
733,RL_S7SJH,758.0242,SPARSE TREE
734,RL_S7SMW,904.9451,SPARSE TREE
735,RL_S7SS?,437.0154,OPEN LAND
736,RL_S7TA>,867.0049,DENSE TREE
737,RL_S7TCL,25.9961,LOW-DENSE URBAN
738,RL_S7TEL,862.0086,OPEN LAND
739,RL_S7TF@,85.0143,LOW-DENSE URBAN
740,RL_S7TIB,962.0116,SPARSE TREE
741,RL_S7TMO,807.9867,DENSE TREE
742,RL_S7TNI,1,SPARSE TREE
743,RL_S7TPI,1173.9617,SPARSE TREE
744,RL_S7TQ>,534.9886,BUILTUP-VILLAGE
745,RL_S7TQR,135.9916,OPEN IN URBAN
746,RL_S7TRT,198.0543,SPARSE TREE
747,RL_S7TSP,76.9734,DENSE TREE
748,RL_S7TWI,74.0069,LOW-DENSE URBAN
749,RL_S7WGI,2.0297,GREEN HOUSE
750,RL_S7ZP>,13470348,DENSE TREE
751,RL_S7ZSJ,1077.0033,SPARSE TREE
752,RL_S7ZSS,526.011,OPEN LAND
753,RL_S9D?I,34.9737,SPARSE TREE
754,RL_S;C?O,7849571,DENSE TREE
755,RL_S;D?R,6.0111,AVERAGE-MEDIUM URBAN
756,RL_S;LMS,492.989,SPARSE TREE
757,RL_S;LSW,34.9737,SPARSE TREE
758,RL_S;NEV,44.9662,LOW-MEDIUM URBAN
759,RL_S;NFA,2.0297,LOW-MEDIUM URBAN
760,RL_S;NFL,1.0149,AVERAGE-MEDIUM URBAN
761,RL_S;NIB,3.9814,LOW-DENSE URBAN
762,RL_S;NIW,39.97,AVERAGE-MEDIUM URBAN
763,RL_S;NJJ,11.0074,AVERAGE-MEDIUM URBAN
764,RL_S;NPB,4.9962,AVERAGE-MEDIUM URBAN
765,RL_S;NPF,3.9814,AVERAGE-MEDIUM URBAN
766,RL_S;NRJ,7.026,OPEN IN URBAN
767,RL_S;NWK,16.0036,AVERAGE-MEDIUM URBAN
768,RL_S;Q@B,64.0144,HIGH-ISOLATED-BUILDINGS
769,RL_S;QBR,286.9719,OPEN LAND
770,RL_S;QCW,260.9758,LOW-MEDIUM URBAN
771,RL_S;QLP,98.9881,DENSE TREE
772,RL_S;QQ>,108.9806,AVERAGE-MEDIUM URBAN
773,RL_S;QQQ,72.992,INDUSTRIAL & COMMERCIAL
774,RL_S;WGK,8.9776,AVERAGE-MEDIUM URBAN
775,RL_S;Z?O,66.0441,SPARSE TREE
776,RL_S=D?H,13.0371,DENSE TREE
777,RL_S=PJC,2910313,OPEN LAND
778,RL_S?NLD,6.0111,LOW-DENSE URBAN
779,RL_S?SKO,2.0297,AVERAGE-DENSE URBAN
780,RL_S?SNF,1284.972,SPARSE TREE
781,RL_S?T?Q,9.9925,LOW-MEDIUM URBAN
782,RL_S?TAL,7.026,HIGH-DENSE URBAN
783,RL_S?[?A,6.0111,HIGH-DENSE URBAN
784,RL_S?[R>,13.0371,OPEN IN URBAN
785,RL_SABTW,1000.0299,OPEN IN URBAN
786,RL_SAPJ>,19.0482,OPEN LAND
787,RL_SBFLD,1164.9841,OPEN LAND
788,RL_SBJI>,1.0149,AVERAGE-MEDIUM URBAN
789,RL_SBL?V,106.0141,SPARSE TREE
790,RL_SBLA>,74.0069,OPEN LAND
791,RL_SBLGP,617.9732,SPARSE TREE
792,RL_SBLRQ,37.0034,LOW-DENSE URBAN
793,RL_SCNCA,29.0407,DENSE TREE
794,RL_SCP@>,1.0149,DENSE TREE
795,RL_SDJGH,11.0074,BUILTUP-VILLAGE
796,RL_SDJIH,7.9628,GREEN HOUSE
797,RL_SECJB,988.0077,INDUSTRIAL & COMMERCIAL
798,RL_SECMW,1064.9811,GREEN HOUSE
799,RL_SED?@,829845,BUILTUP-VILLAGE
800,RL_SED?O,1020327,SPARSE TREE
801,RL_SED@V,860291,SPARSE TREE
802,RL_SEDAR,4520042,SPARSE TREE
803,RL_SEDCH,5449811,OPEN LAND
804,RL_SEDTV,969.0376,LOW-SPARSE URBAN
805,RL_SEL?O,1679.9878,OPEN LAND
806,RL_SELGO,1616.9883,OPEN LAND
807,RL_SENT@,1004.0113,SPARSE TREE
808,RL_SEO?I,3.9814,HIGH-MEDIUM URBAN
809,RL_SEOAL,4.9962,AVERAGE-DENSE URBAN
810,RL_SEOCC,4.9962,AVERAGE-DENSE URBAN
811,RL_SEOKO,60.033,LOW-DENSE URBAN
812,RL_SEOPL,3.9814,LOW-DENSE URBAN
813,RL_SEORL,9.9925,LOW-DENSE URBAN
814,RL_SEQPR,291.0313,AVERAGE-DENSE URBAN
815,RL_SES?S,1553.9886,OPEN LAND
816,RL_SES@R,998.0002,OPEN LAND
817,RL_SESAL,830.0014,OPEN LAND
818,RL_SESI>,844.0533,OPEN LAND
819,RL_SESI@,1600.9846,OPEN LAND
820,RL_SESID,996.9853,OPEN LAND
821,RL_SESIF,1467.0228,OPEN LAND
822,RL_SESIQ,1158.973,DENSE TREE
823,RL_SESMP,1668.0437,OPEN LAND
824,RL_SESMW,1053.037,OPEN LAND
825,RL_SESQL,983.0115,OPEN IN URBAN
826,RL_SESQQ,1417.9971,BUILTUP-VILLAGE
827,RL_SESRL,990.9742,LOW-DENSE URBAN
828,RL_SEST>,1520.9667,OPEN LAND
829,RL_SESW>,805.0202,OPEN LAND
830,RL_SESWI,1632.9918,OPEN LAND
831,RL_SESWL,1375.9974,SPARSE TREE
832,RL_SESWW,885.975,OPEN LAND
833,RL_SETCI,74.0069,BUILTUP-VILLAGE
834,RL_SETIF,6959615,OPEN LAND
835,RL_SETIJ,690107,OPEN IN URBAN
836,RL_SEZ?S,1139769,SPARSE TREE
837,RL_SFPPQ,10149,OPEN IN URBAN
838,RL_SH21?,60.033,SPARSE TREE
839,RL_SHD?J,1200.0359,OPEN LAND
840,RL_SHD?Q,41.9997,OPEN LAND
841,RL_SHE?K,3840084,OPEN LAND
842,RL_SHEGK,1.0149,AVERAGE-DENSE URBAN
843,RL_SHLFM,1657.973,OPEN LAND
844,RL_SHPVV,2.9665,AVERAGE-DENSE URBAN
845,RL_SHQ?I,9800449,OPEN LAND
846,RL_SHUCM,9839482,OPEN LAND
847,RL_SIDSD,11.0074,SPARSE TREE
848,RL_SIDSV,32.0072,LOW-DENSE URBAN
849,RL_SIUCI,3.9814,LOW-DENSE URBAN
850,RL_SKBBO,3.9814,OPEN LAND
851,RL_SKCMV,40048,OPEN IN URBAN
852,RL_SKCWH,6.0111,LOW-DENSE URBAN
853,RL_SKD?J,3100015,OPEN LAND
854,RL_SKD?O,569884,AVERAGE-DENSE URBAN
855,RL_SKDBO,726.017,SPARSE TREE
856,RL_SKDSJ,39814,LOW-DENSE URBAN
857,RL_SKG?K,220147,OPEN IN URBAN
858,RL_SKH?@,110074,OPEN IN URBAN
859,RL_SKHGO,49962,OPEN IN URBAN
860,RL_SKHPB,160036,OPEN IN URBAN
861,RL_SKJIF,1079658,HIGH-ISOLATED-BUILDINGS
862,RL_SKL?A,60111,AVERAGE-DENSE URBAN
863,RL_SKLGO,649512,OPEN IN URBAN
864,RL_SKLMO,160036,OPEN LAND
865,RL_SKLSV,1330251,DENSE TREE
866,RL_SKM?P,679958,OPEN IN URBAN
867,RL_SKMGL,40048,HIGH-DENSE URBAN
868,RL_SKN?I,1011.9741,SPARSE TREE
869,RL_SKNAJ,121.0028,GREEN HOUSE
870,RL_SKNAV,431.0043,OPEN LAND
871,RL_SKNCI,130371,LOW-DENSE URBAN
872,RL_SKNCS,248.0168,SPARSE TREE
873,RL_SKNFI,35.9886,LOW-MEDIUM URBAN
874,RL_SKNIS,29.0407,AVERAGE-MEDIUM URBAN
875,RL_SKNJ@,25.9961,AVERAGE-DENSE URBAN
876,RL_SKNJJ,27.011,AVERAGE-MEDIUM URBAN
877,RL_SKNM?,3.9814,DENSE TREE
878,RL_SKNMA,1210028,OPEN IN URBAN
879,RL_SKNQK,7.026,GREEN HOUSE
880,RL_SKNQR,5590331,OPEN LAND
881,RL_SKNRI,29.9775,AVERAGE-MEDIUM URBAN
882,RL_SKNRS,258.9461,DENSE TREE
883,RL_SKNWI,360.042,GREEN HOUSE
884,RL_SKOBB,4.9962,HIGH-MEDIUM URBAN
885,RL_SKOMW,2.0297,BUILTUP-VILLAGE
886,RL_SKQ?J,850143,OPEN LAND
887,RL_SKQGK,679958,DENSE TREE
888,RL_SKT?K,779883,INDUSTRIAL & COMMERCIAL
889,RL_SKTAJ,480108,AVERAGE-DENSE URBAN
890,RL_SKTCM,10149,AVERAGE-DENSE URBAN
891,RL_SKTCQ,1,OPEN IN URBAN
892,RL_SKTEO,49962,DENSE TREE
893,RL_SKTGI,10149,AVERAGE-DENSE URBAN
894,RL_SKTGK,10149,AVERAGE-DENSE URBAN
895,RL_SKTIH,320072,SPARSE TREE
896,RL_SKTIL,309923,OPEN IN URBAN
897,RL_SKTKB,139739,LOW-DENSE URBAN
898,RL_SKTMC,419997,AVERAGE-DENSE URBAN
899,RL_SKTMD,2079688,OPEN LAND
900,RL_SKTN>,790031,AVERAGE-DENSE URBAN
901,RL_SKTRA,25,
902,RL_SKTRJ,1500435,OPEN LAND
903,RL_SKTRS,3120312,OPEN LAND
904,RL_SKTSO,419997,OPEN IN URBAN
905,RL_SKTW>,120222,OPEN IN URBAN
906,RL_SKUSO,370034,HIGH-DENSE URBAN
907,RL_SKZFH,13300164,DENSE TREE
908,RL_SKZRS,1640174,SPARSE TREE
909,RL_SKZW>,10620146,OPEN LAND
910,RL_SK[GO,1850172,AVERAGE-DENSE URBAN
911,RL_SK[KO,20.9998,LOW-MEDIUM URBAN
912,RL_SMQ?I,6.0111,HIGH-DENSE URBAN
913,RL_SOBXO,911.9711,SPARSE TREE
914,RL_SPBPP,58.0033,DENSE TREE
915,RL_T7L?J,2.9665,SPARSE TREE
916,RL_T7OAL,2.9665,AVERAGE-MEDIUM URBAN
917,RL_T7S@B,2.0297,OPEN IN URBAN
918,RL_T?M?E,4.9962,AVERAGE-DENSE URBAN
919,RL_T?NP>,4.9962,LOW-DENSE URBAN
920,RL_TOLG>,6.0111,AVERAGE-DENSE URBAN
921,RL_TOS?E,6.0111,LOW-DENSE URBAN
922,RL_U7DCP,1.0149,HIGH-DENSE URBAN
923,RL_U7DCQ,6.0111,HIGH-DENSE URBAN
924,RL_U7DK>,702.9874,BUILTUP-VILLAGE
925,RL_U7DQ>,1471.0042,BUILTUP-VILLAGE
926,RL_U7DQR,332.0162,LOW-DENSE URBAN
927,RL_U7DRS,606.9658,DENSE TREE
928,RL_U7LI>,18.0333,LOW-MEDIUM URBAN
929,RL_U7O?A,8.9776,LOW-DENSE URBAN
930,RL_U7O?H,464.0264,DENSE TREE
931,RL_U7O@E,1.0149,LOW-DENSE URBAN
932,RL_U7OA>,27.011,OPEN LAND
933,RL_U7ODB,7.026,LOW-DENSE URBAN
934,RL_U7OEF,30.9923,DENSE TREE
935,RL_U7OER,80.018,BUILTUP-VILLAGE
936,RL_U7OFC,20.9998,OPEN IN URBAN
937,RL_U7OI>,53.007,LOW-DENSE URBAN
938,RL_U7OIW,25.9961,OPEN LAND
939,RL_U7OJF,13.0371,LOW-DENSE URBAN
940,RL_U7OKO,11.0074,LOW-DENSE URBAN
941,RL_U7OQK,19.0482,LOW-DENSE URBAN
942,RL_U7SKV,4.9962,AVERAGE-MEDIUM URBAN
943,RL_U7UMH,22.0147,LOW-DENSE URBAN
944,RL_U7UMM,4.9962,INDUSTRIAL & COMMERCIAL
945,RL_U7UQL,1.0149,LOW-MEDIUM URBAN
946,RL_U7VJR,95.9435,OPEN LAND
947,RL_U7W@I,1.0149,DENSE TREE
948,RL_U7WIB,4.9962,GREEN HOUSE
949,RL_U7WN>,49962,LOW-MEDIUM URBAN
950,RL_U7YVO,2.0297,AVERAGE-DENSE URBAN
951,RL_U7[?A,238.9611,SPARSE TREE
952,RL_U;ECO,2.0297,AVERAGE-MEDIUM URBAN
953,RL_U;NCH,9.9925,LOW-DENSE URBAN
954,RL_U;NCS,48.0108,HIGH-DENSE URBAN
955,RL_U;OBO,70.0255,LOW-MEDIUM URBAN
956,RL_U;STL,44.9662,LOW-DENSE URBAN
957,RL_U?MJF,50.9773,AVERAGE-DENSE URBAN
958,RL_UDCCO,12.0222,BUILTUP-VILLAGE
959,RL_UDD?V,32.0072,LOW-MEDIUM URBAN
960,RL_UDDCI,8.0408,OPEN LAND
961,RL_UDDCK,8.9776,LOW-DENSE URBAN
962,RL_UDDJL,24.9812,LOW-DENSE URBAN
963,RL_UDDJQ,19.0482,BUILTUP-VILLAGE
964,RL_UDDMI,59.0182,OPEN LAND
965,RL_UDDPP,27.011,HIGH-DENSE URBAN
966,RL_UDFEJ,16.0036,SPARSE TREE
967,RL_UDI?I,25.9961,LOW-DENSE URBAN
968,RL_UDI?Q,59.0182,LOW-DENSE URBAN
969,RL_UDI?S,8.9776,OPEN IN URBAN
970,RL_UDIGP,7.026,LOW-DENSE URBAN
971,RL_UDJJ@,44.9662,OPEN LAND
972,RL_UDJPJ,4.9962,LOW-DENSE URBAN
973,RL_UDK?K,24.0444,LOW-MEDIUM URBAN
974,RL_UDL?S,49.0257,LOW-DENSE URBAN
975,RL_UDLCJ,19.0482,OPEN IN URBAN
976,RL_UDT?O,59.0182,LOW-SPARSE URBAN
977,RL_UDTGP,92.0402,OPEN LAND
978,RL_UDTKB,2.9665,HIGH-DENSE URBAN
979,RL_UDTQB,2.0297,LOW-DENSE URBAN
980,RL_UDUKO,34.9737,OPEN IN URBAN
981,RL_UDXQE,2.9665,INDUSTRIAL & COMMERCIAL
982,RL_UEMWR,23.0296,OPEN IN URBAN
983,RL_UEVLQ,1242.9724,BUILTUP-VILLAGE
984,RL_UKO?P,17.0185,HIGH-DENSE URBAN
985,RL_UKSG@,543.9663,OPEN LAND
986,RL_UK[IB,496.0336,OPEN LAND
987,RL_UOS?>,4.9962,LOW-SPARSE URBAN
988,RL_V7EM@,790031,LOW-DENSE URBAN
989,RL_V7ISO,750218,AVERAGE-DENSE URBAN
990,RL_V7JQQ,759586,LOW-MEDIUM URBAN
991,RL_V7LGP,22.0147,OPEN LAND
992,RL_V7LSO,900105,AVERAGE-DENSE URBAN
993,RL_V7MIF,12030024,OPEN LAND
994,RL_V7Q?H,10680258,OPEN LAND
995,RL_V7TG?,100003,LOW-DENSE URBAN
996,RL_V7U??,25,
997,RL_V7USO,889956,LOW-DENSE URBAN
998,RL_V7ZI>,979733,AVERAGE-DENSE URBAN
999,RL_V7[?I,18,
1000,RL_V7[?P,818994,BUILTUP-VILLAGE
1001,RL_V7[?Q,569884,OPEN LAND
1002,RL_V7[?V,939919,AVERAGE-DENSE URBAN
1003,RL_V7[@L,1919651,SPARSE TREE
1004,RL_V7[BB,3829935,OPEN LAND
1005,RL_V7[CP,10129889,OPEN LAND
1006,RL_V7[GP,719772,LOW-MEDIUM URBAN
1007,RL_V7[KF,700255,AVERAGE-DENSE URBAN
1008,RL_V7[QR,619847,OPEN IN URBAN
1009,RL_V7[RJ,709623,OPEN LAND
1010,RL_V7[WF,979733,AVERAGE-DENSE URBAN
1011,RL_VEW?M,13.9739,HIGH-DENSE URBAN
1012,RL_VMCCO,83.9994,GREEN HOUSE
1013,RL_VMCI@,300.009,OPEN LAND
1014,RL_VMECJ,954.0488,OPEN LAND
1015,RL_VMECK,75.0218,OPEN LAND
1016,RL_VMIAI,734.9946,OPEN LAND
1017,RL_VMLIH,1288.0167,BUILTUP-VILLAGE
1018,RL_VMLP>,489.0076,BUILTUP-VILLAGE
1019,RL_VMP@@,946.008,OPEN LAND
1020,RL_VMT?E,695.0247,BUILTUP-VILLAGE
1021,RL_VMTWB,569884,SPARSE TREE
1022,RL_VMZ?P,401.0268,SPARSE TREE
1023,RL_VPI?P,212965,SPARSE TREE
1024,RL_VPLMV,9510043,OPEN LAND
1025,RL_VPLSO,1130401,LOW-MEDIUM URBAN
1026,RL_W8BWI,7.026,HIGH-DENSE URBAN
1027,RL_W<BE@,213.9799,SPARSE TREE
1028,RL_W<D?I,137.0064,SPARSE TREE
1029,RL_W<D?Q,255.9796,BUILTUP-VILLAGE
1030,RL_W<ECO,3.0446,OPEN IN URBAN
1031,RL_W<FQH,1.0149,INDUSTRIAL & COMMERCIAL
1032,RL_W<GGK,659.0361,DENSE TREE
1033,RL_W<HPP,238.9611,BUILTUP-VILLAGE
1034,RL_W<HSO,491.9741,SPARSE TREE
1035,RL_W<LGV,30.9923,OPEN LAND
1036,RL_W<TCC,444.0414,SPARSE TREE
1037,RL_W<TMI,4.9962,AVERAGE-DENSE URBAN
1038,RL_W<TSI,30.9923,AVERAGE-DENSE URBAN
1039,RL_W<UCH,501.0298,OPEN LAND
1040,RL_W<ZCK,119.0512,BUILTUP-VILLAGE
1041,RL_WABJ>,16.0036,LOW-DENSE URBAN
1042,RL_WADCI,9.9925,AVERAGE-MEDIUM URBAN
1043,RL_WAL?P,13.0371,LOW-MEDIUM URBAN
1044,RL_WAVE>,11.0074,HIGH-MEDIUM URBAN
1045,RL_WAVP>,41.9997,OPEN IN URBAN
1046,RL_WBVIP,6069658,BUILTUP-VILLAGE
1047,RL_WBZN>,18.0333,BUILTUP-VILLAGE
1048,RL_WBZNP,175.9615,OPEN LAND
1049,RL_WHU?J,549587,BUILTUP-VILLAGE
1050,RL_WHZLD,280.9608,OPEN LAND
1051,RL_WID?J,54.9587,HIGH-DENSE URBAN
1052,RL_WIN?V,459811,OPEN IN URBAN
1053,RL_WOMSJ,943.9783,SPARSE TREE
1054,RL_WON?M,119.988,DENSE TREE
1055,RL_WPDCO,72992,BUILTUP-VILLAGE
1056,RL_WPEGI,1141.0177,DENSE TREE
1057,RL_X7MKF,2.9665,LOW-DENSE URBAN
1058,RL_X7T?K,30.0555,GREEN HOUSE
1059,RL_X7TGQ,80408,OPEN IN URBAN
1060,RL_X7TW>,12580392,DENSE TREE
1061,RL_X7U?O,97.9733,OPEN LAND
1062,RL_X;N?O,7.026,LOW-DENSE URBAN
1063,RL_X?LCP,320072,INDUSTRIAL & COMMERCIAL
1064,RL_XETK>,6.0111,LOW-DENSE URBAN
1065,RL_XHFFL,33.9589,AVERAGE-DENSE URBAN
1066,RL_XJBP>,41.9997,BUILTUP-VILLAGE
1067,RL_Z7N?H,500405,HIGH-MEDIUM URBAN
1068,RL_Z7NMQ,33.9589,HIGH-ISOLATED-BUILDINGS
1069,RL_Z?EGS,7.026,LOW-MEDIUM URBAN
1070,RL_Z?OCO,1634.0067,SPARSE TREE
1071,RL_ZEPQB,4.9962,AVERAGE-MEDIUM URBAN
1072,RL_ZKCNI,9.9925,AVERAGE-DENSE URBAN
1073,RL_[7GGP,2.9665,HIGH-DENSE URBAN
1074,RL_[7IR@,7026,LOW-DENSE URBAN
1075,RL_[7JLQ,1.0149,LOW-DENSE URBAN
1076,RL_[7LCJ,709623,OPEN LAND
1077,RL_[7LE>,60.033,LOW-DENSE URBAN
1078,RL_[7LGI,1179.9728,SPARSE TREE
1079,RL_[7LJH,1956.0304,OPEN LAND
1080,RL_[7MAH,91.0254,DENSE TREE
1081,RL_[7MSO,24.9812,DENSE TREE
1082,RL_[7O?Q,40048,INDUSTRIAL & COMMERCIAL
1083,RL_[7OBP,10,
1084,RL_[7QIL,317.9642,SPARSE TREE
1085,RL_[7S?J,51.9922,LOW-DENSE URBAN
1086,RL_[7SAK,1792.0131,SPARSE TREE
1087,RL_[7SIA,53.007,LOW-DENSE URBAN
1088,RL_[7SKM,46.9959,AVERAGE-DENSE URBAN
1089,RL_[7U?@,20.9998,HIGH-DENSE URBAN
1090,RL_[;BNL,10149,AVERAGE-DENSE URBAN
1091,RL_[;EGO,65.0293,AVERAGE-MEDIUM URBAN
1092,RL_[;L?A,6.0111,OPEN LAND
1093,RL_[;MR@,6399879,OPEN LAND
1094,RL_[;S?H,421.0118,SPARSE TREE
1095,RL_[;S@>,23.0296,HIGH-DENSE URBAN
1096,RL_[;SAF,24.0444,HIGH-DENSE URBAN
1097,RL_[;SAR,38.0183,AVERAGE-MEDIUM URBAN
1098,RL_[;SBS,24.0444,OPEN IN URBAN
1099,RL_[;SCH,24.0444,HIGH-DENSE URBAN
1100,RL_[;SFI,43.9514,OPEN IN URBAN
1101,RL_[;SGD,16.0036,OPEN IN URBAN
1102,RL_[;SIB,41.9997,AVERAGE-DENSE URBAN
1103,RL_[;SKB,66.9809,HIGH-DENSE URBAN
1104,RL_[;SMJ,24.0444,AVERAGE-DENSE URBAN
1105,RL_[;SMO,43.0146,AVERAGE-MEDIUM URBAN
1106,RL_[;SQK,34.9737,OPEN IN URBAN
1107,RL_[;SWB,28.0258,OPEN IN URBAN
1108,RL_[?E?K,30.9923,LOW-DENSE URBAN
1109,RL_[?EC?,24.9812,OPEN IN URBAN
1110,RL_[?EI>,9.9925,LOW-MEDIUM URBAN
1111,RL_[?NCK,1.0149,LOW-MEDIUM URBAN
1112,RL_[?OGH,695.9615,OPEN LAND
1113,RL_[?TMO,22.0147,SPARSE TREE
1114,RL_[ABW>,359886,LOW-DENSE URBAN
1115,RL_[BQXO,622.9694,LOW-SPARSE URBAN
1116,RL_[EC?D,900105,OPEN LAND
1117,RL_[EDSJ,1621.9845,SPARSE TREE
1118,RL_[EEPB,16.0036,LOW-DENSE URBAN
1119,RL_[EGCS,1099955,LOW-DENSE URBAN
1120,RL_[EH?I,1710.0433,OPEN LAND
1121,RL_[EL@>,19985,LOW-DENSE URBAN
1122,RL_[ELAF,370034,INDUSTRIAL & COMMERCIAL
1123,RL_[ELAR,53007,LOW-DENSE URBAN
1124,RL_[ELCV,1220177,SPARSE TREE
1125,RL_[ELER,958967,DENSE TREE
1126,RL_[ELMS,39814,OPEN LAND
1127,RL_[ELMV,6060291,SPARSE TREE
1128,RL_[EMCB,99925,INDUSTRIAL & COMMERCIAL
1129,RL_[ESRR,4.9962,LOW-MEDIUM URBAN
1130,RL_[ESTL,20.9998,LOW-MEDIUM URBAN
1131,RL_[ET?E,39814,OPEN IN URBAN
1132,RL_[ET?K,240444,INDUSTRIAL & COMMERCIAL
1133,RL_[FJAB,3.9814,LOW-DENSE URBAN
1134,RL_[JBP@,28.0258,LOW-MEDIUM URBAN
1135,RL_[KD?S,13.9739,LOW-MEDIUM URBAN
1136,RL_[KDCS,10949586,SPARSE TREE
1137,RL_[KFLL,6.0111,LOW-DENSE URBAN
1138,RL_[KI?K,540219,LOW-DENSE URBAN
1139,RL_[KMCH,1146.014,OPEN LAND
1140,RL_[KMFF,879808,SPARSE TREE
1141,RL_[KMKO,2234.9614,OPEN LAND
1142,RL_[KNCI,926.023,BUILTUP-VILLAGE
1143,RL_[KNCJ,1490.9891,DENSE TREE
1144,RL_[KNKB,17.0185,LOW-MEDIUM URBAN
1145,RL_[KOE>,24.0444,HIGH-DENSE URBAN
1146,RL_[KOFL,11.0074,LOW-MEDIUM URBAN
1147,RL_[KOPF,23.0296,HIGH-DENSE URBAN
1148,RL_[KOQB,3.9814,AVERAGE-DENSE URBAN
1149,RL_[KSA>,17.0185,AVERAGE-DENSE URBAN
1150,RL_[KSIL,705.0172,DENSE TREE
1151,RL_[KSKB,233.9648,LOW-MEDIUM URBAN
1152,RL_[KSKK,140.9878,LOW-MEDIUM URBAN
1153,RL_[KSKQ,248.9536,DENSE TREE
1154,RL_[KSMO,733.9798,SPARSE TREE
1155,RL_[KSQ>,4.0595,OPEN LAND
1156,RL_[KSQR,181.0359,LOW-MEDIUM URBAN
1157,RL_[KUK>,66.9809,OPEN IN URBAN
1158,RL_[KZ?S,769734,INDUSTRIAL & COMMERCIAL
1159,RL_[KZCP,810.9532,BUILTUP-VILLAGE
1160,RL_[M3KB,954.0488,OPEN LAND
1161,RL_[MB/I,12.0222,GREEN HOUSE
1162,RL_[MBLP,1.0149,OPEN IN URBAN
1163,RL_[MBPM,2.9665,HIGH-SPARSE URBAN
1164,RL_[MC@@,89776,OPEN IN URBAN
1165,RL_[MCBO,1030.0074,SPARSE TREE
1166,RL_[MCQ.,11.0074,LOW-DENSE URBAN
1167,RL_[MCQ/,18.0333,AVERAGE-DENSE URBAN
1168,RL_[MCQ>,8.0408,SPARSE TREE
1169,RL_[MCQ?,11.0074,LOW-DENSE URBAN
1170,RL_[MCQ@,33.9589,AVERAGE-DENSE URBAN
1171,RL_[MCQA,7.026,OPEN IN URBAN
1172,RL_[MCQL,2.9665,INDUSTRIAL & COMMERCIAL
1173,RL_[MDMP,1029695,INDUSTRIAL & COMMERCIAL
1174,RL_[MDNS,1.0149,LOW-MEDIUM URBAN
1175,RL_[MEE@,229.9835,OPEN LAND
1176,RL_[MEKJ,8.0408,SPARSE TREE
1177,RL_[MEQ1,10149,LOW-DENSE URBAN
1178,RL_[MEQ3,10149,OPEN IN URBAN
1179,RL_[MFPC,66.9809,OPEN IN URBAN
1180,RL_[MH?V,13.9739,AVERAGE-DENSE URBAN
1181,RL_[MICP,424.9932,SPARSE TREE
1182,RL_[MIJQ,99925,AVERAGE-DENSE URBAN
1183,RL_[MIK?,18.0333,AVERAGE-MEDIUM URBAN
1184,RL_[MILJ,16.0036,AVERAGE-DENSE URBAN
1185,RL_[MINO,6.0111,HIGH-DENSE URBAN
1186,RL_[MJ@/,10149,AVERAGE-DENSE URBAN
1187,RL_[ML?/,33.9589,DENSE TREE
1188,RL_[ML?0,41.9997,LOW-DENSE URBAN
1189,RL_[ML?M,2.9665,SPARSE TREE
1190,RL_[ML@M,11.0074,BUILTUP-VILLAGE
1191,RL_[ML@P,6.0111,AVERAGE-MEDIUM URBAN
1192,RL_[MLA>,20297,OPEN IN URBAN
1193,RL_[MLAD,99925,LOW-DENSE URBAN
1194,RL_[MLC>,62.9995,OPEN IN URBAN
1195,RL_[MLC?,2.9665,SPARSE TREE
1196,RL_[MLCD,80.018,GREEN HOUSE
1197,RL_[MLCJ,9.9925,AVERAGE-MEDIUM URBAN
1198,RL_[MLCO,8.9776,AVERAGE-MEDIUM URBAN
1199,RL_[MLJ.,230.9983,SPARSE TREE
1200,RL_[MLJ>,203.0506,SPARSE TREE
1201,RL_[MLJ?,217.0244,LOW-MEDIUM URBAN
1202,RL_[MLJ@,187.9838,SPARSE TREE
1203,RL_[MLJA,166.9839,SPARSE TREE
1204,RL_[MLJD,170.9653,SPARSE TREE
1205,RL_[MLJH,117.0215,DENSE TREE
1206,RL_[MLJM,18.0333,CITY WALLS
1207,RL_[MLLL,1.0149,AVERAGE-MEDIUM URBAN
1208,RL_[MLN.,2.0297,SPARSE TREE
1209,RL_[MLN/,2.0297,SPARSE TREE
1210,RL_[MLN0,1.0149,LOW-SPARSE URBAN
1211,RL_[MLN1,1.0149,OPEN IN URBAN
1212,RL_[MLN4,1.0149,OPEN IN URBAN
1213,RL_[MLQ.,10149,OPEN IN URBAN
1214,RL_[MLQ0,10149,OPEN IN URBAN
1215,RL_[MMMH,11.0074,AVERAGE-DENSE URBAN
1216,RL_[MMN/,1.0149,SPARSE TREE
1217,RL_[MMN1,1.0149,OPEN LAND
1218,RL_[MNCJ,9.0557,OPEN LAND
1219,RL_[MNQC,219.991,SPARSE TREE
1220,RL_[MNT>,104.9992,INDUSTRIAL & COMMERCIAL
1221,RL_[MNWE,8.9776,AVERAGE-MEDIUM URBAN
1222,RL_[MORA,128.9656,OPEN LAND
1223,RL_[MQJJ,296.9644,OPEN LAND
1224,RL_[MQPE,6.0111,OPEN IN URBAN
1225,RL_[MS?J,53007,AVERAGE-MEDIUM URBAN
1226,RL_[MS@E,12.0222,LOW-DENSE URBAN
1227,RL_[MSR.,6.0111,OPEN LAND
1228,RL_[MT?P,1.0149,SPARSE TREE
1229,RL_[MTAW,690107,OPEN IN URBAN
1230,RL_[MTGM,1.0149,LOW-DENSE URBAN
1231,RL_[MTIE,500405,OPEN LAND
1232,RL_[MTIK,484.0114,SPARSE TREE
1233,RL_[MTWQ,248.0168,DENSE TREE
1234,RL_[MUB.,316.0126,SPARSE TREE
1235,RL_[MUB/,296.0276,SPARSE TREE
1236,RL_[MUQQ,4.0595,OPEN IN URBAN
1237,RL_[MW?I,32.0072,LOW-SPARSE URBAN
1238,RL_[MZJ.,1.0149,OPEN LAND
1239,RL_[MZJ/,1.0149,OPEN LAND
1240,RL_[MZJ0,1,OPEN LAND
1241,RL_[MZSP,1122.0476,DENSE TREE
1242,RL_[M[??,4.9962,LOW-DENSE URBAN
1243,RL_\7GJK,342.9455,BUILTUP-VILLAGE
1244,RL_\7LQR,4.9962,OPEN IN URBAN
1245,RL_\7T?D,49.9625,OPEN LAND
1246,RL_\7TPI,7100134,SPARSE TREE
1247,RL_\;LCM,13.0371,LOW-DENSE URBAN
1248,RL_\;LMS,9.9925,LOW-MEDIUM URBAN
1249,RL_\;LPF,3.9814,AVERAGE-MEDIUM URBAN
1250,RL_\;N?K,62.9995,AVERAGE-DENSE URBAN
1251,RL_\;SP>,60.9698,INDUSTRIAL & COMMERCIAL
1252,RL_\;TMH,98.0513,AVERAGE-DENSE URBAN
1253,RL_\?UPB,8.9776,LOW-DENSE URBAN
1254,RL_\AFQF,1582.0145,OPEN LAND
1255,RL_\EOAV,1267.0168,DENSE TREE
1256,RL_\EOI>,1149.9954,OPEN LAND
1257,RL_\EOW>,1225.0171,OPEN LAND
1258,RL_\EQF>,65.0293,AVERAGE-DENSE URBAN
1259,RL_\FI?I,64.0144,INDUSTRIAL & COMMERCIAL
1260,RL_\HBB>,478.0002,OPEN LAND
1261,RL_\HBBB,218.0393,DENSE TREE
1262,RL_\HBIL,550.9922,DENSE TREE
1263,RL_\HBIQ,364.0234,DENSE TREE
1264,RL_\HBIV,238.9611,OPEN LAND
1265,RL_\HBKH,1001.0448,OPEN LAND
1266,RL_\HBP@,678.0062,DENSE TREE
1267,RL_\HBPJ,771.9981,BUILTUP-VILLAGE
1268,RL_\HBPV,558.955,DENSE TREE
1269,RL_\HBT>,1.9517,OPEN IN URBAN
1270,RL_\HBTO,61.9847,DENSE TREE
1271,RL_\HC@B,232.95,LOW-SPARSE URBAN
1272,RL_\HCIP,221.0058,LOW-SPARSE URBAN
1273,RL_\HCQV,1128.0587,OPEN LAND
1274,RL_\HCWQ,332.0162,LOW-SPARSE URBAN
1275,RL_\HCWR,4.9962,AVERAGE-DENSE URBAN
1276,RL_\HD?J,259.0241,LOW-SPARSE URBAN
1277,RL_\HD@Q,403.9933,OPEN LAND
1278,RL_\HDGJ,176.9764,DENSE TREE
1279,RL_\HDGV,286.9719,OPEN LAND
1280,RL_\HDKI,1.9517,OPEN IN URBAN
1281,RL_\HDP?,60.9698,OPEN IN URBAN
1282,RL_\HDSQ,1362.9603,OPEN LAND
1283,RL_\HE?D,902.9934,OPEN LAND
1284,RL_\HECC,61.9847,AVERAGE-DENSE URBAN
1285,RL_\HEGI,286.9719,OPEN LAND
1286,RL_\HEPH,811.9681,OPEN LAND
1287,RL_\HEQF,9.0557,DENSE TREE
1288,RL_\HESW,1161.0027,SPARSE TREE
1289,RL_\HFGP,55.9736,OPEN IN URBAN
1290,RL_\HFJ>,692.9949,OPEN LAND
1291,RL_\HFKH,60.9698,AVERAGE-DENSE URBAN
1292,RL_\HFQH,617.9732,DENSE TREE
1293,RL_\HG??,130.9953,AVERAGE-DENSE URBAN
1294,RL_\HGGW,74.0069,LOW-DENSE URBAN
1295,RL_\HHAQ,681.9876,OPEN LAND
1296,RL_\HI?J,28.0258,AVERAGE-DENSE URBAN
1297,RL_\HICH,43.0146,DENSE TREE
1298,RL_\HILQ,1962.9783,BUILTUP-VILLAGE
1299,RL_\HJL@,232.0132,DENSE TREE
1300,RL_\HJNP,190.0135,DENSE TREE
1301,RL_\HJQH,1227.0469,OPEN LAND
1302,RL_\HLMK,59.0182,AVERAGE-DENSE URBAN
1303,RL_\HLPE,416.0156,BUILTUP-VILLAGE
1304,RL_\HLPW,175.0247,SPARSE TREE
1305,RL_\HLWW,86.0291,OPEN IN URBAN
1306,RL_\HMGJ,1.0149,OPEN IN URBAN
1307,RL_\HNCH,9.9925,AVERAGE-DENSE URBAN
1308,RL_\HNCO,129.9805,DENSE TREE
1309,RL_\HNPQ,206.0171,DENSE TREE
1310,RL_\HPDB,610.0104,DENSE TREE
1311,RL_\HPQK,1.0149,INDUSTRIAL & COMMERCIAL
1312,RL_\HPSP,1101.9845,DENSE TREE
1313,RL_\HQCI,122.9545,LOW-DENSE URBAN
1314,RL_\HQCP,55.9736,LOW-DENSE URBAN
1315,RL_\HQCQ,70.0255,OPEN IN URBAN
1316,RL_\HQGK,849.9864,OPEN LAND
1317,RL_\HQJD,221.0058,DENSE TREE
1318,RL_\HQJW,259.9609,OPEN IN URBAN
1319,RL_\HQP@,172.995,LOW-SPARSE URBAN
1320,RL_\HSKA,7.9628,INDUSTRIAL & COMMERCIAL
1321,RL_\HT?E,915.0157,BUILTUP-VILLAGE
1322,RL_\HT?J,6.0111,INDUSTRIAL & COMMERCIAL
1323,RL_\HTCC,251.9982,LOW-MEDIUM URBAN
1324,RL_\HTRF,1.0149,OPEN IN URBAN
1325,RL_\HTRL,9.0557,AVERAGE-DENSE URBAN
1326,RL_\HUCH,179.0061,OPEN IN URBAN
1327,RL_\HVEO,434.9857,OPEN LAND
1328,RL_\HW?O,32.0072,AVERAGE-DENSE URBAN
1329,RL_\HZGI,55.9736,DENSE TREE
1330,RL_\HZLC,1.9517,OPEN IN URBAN
1331,RL_\HZMH,6.0111,AVERAGE-DENSE URBAN
1332,RL_\HZSH,1114.0068,DENSE TREE
1333,RL_\HZSO,69.0107,DENSE TREE
1334,RL_\H[CP,4.9962,INDUSTRIAL & COMMERCIAL
1335,RL_\H[MO,34.9737,AVERAGE-DENSE URBAN
1336,RL_\ILNO,2686.9656,OPEN LAND
1337,RL_\JBL@,2.9665,LOW-MEDIUM URBAN
1338,RL_\KMSH,25.9961,AVERAGE-DENSE URBAN
1339,RL_\KOCM,607.9807,LOW-DENSE URBAN
1340,RL_\KS@B,830.0014,SPARSE TREE
1341,RL_\KZCP,953.9708,OPEN LAND
1342,RL_\K[@R,10149,OPEN LAND
1343,RL_]BQLO,711.0283,SPARSE TREE
1344,RL_]BVQP,302.9755,INDUSTRIAL & COMMERCIAL
1345,RL_]CPPD,590182,INDUSTRIAL & COMMERCIAL
1346,RL_]CVPI,489476,LOW-DENSE URBAN
1347,RL_]DD?J,19.0482,LOW-MEDIUM URBAN
1348,RL_]PBWM,1072.0071,SPARSE TREE
1349,RL_]PECJ,2035.9703,BUILTUP-VILLAGE
1350,RL_]PHMI,1200.0359,OPEN LAND
1351,RL_]PVLP,45.9811,HIGH-DENSE URBAN
1352,RL_]PVLV,1128.9955,SPARSE TREE
1353,RL_^7LA>,270.0315,DENSE TREE
1354,RL_^7LBL,77.9883,OPEN IN URBAN
1355,RL_^7LGE,40.9848,SPARSE TREE
1356,RL_^7LMM,631.0103,DENSE TREE
1357,RL_^HMGH,44.9662,HIGH-DENSE URBAN
1358,RL_^JCSI,59.0182,OPEN IN URBAN
1359,RL_a7LMK,1467.0228,SPARSE TREE
1360,RL_a7M?K,742.0206,SPARSE TREE
1361,RL_a7MAH,11.0074,LOW-SPARSE URBAN
1362,RL_a7MGA,39814,LOW-DENSE URBAN
1363,RL_a7MLW,401.9636,OPEN LAND
1364,RL_a7SNW,1325.0201,OPEN LAND
1365,RL_a7WQB,164.9542,LOW-DENSE URBAN
1366,RL_a7ZIL,253013,OPEN LAND
1367,RL_a;HPF,4919741,SPARSE TREE
1368,RL_a;L?P,290.9533,OPEN LAND
1369,RL_a;MRB,1067.0109,OPEN LAND
1370,RL_a;TIV,385.96,BUILTUP-VILLAGE
1371,RL_aEECJ,1149.9954,OPEN LAND
1372,RL_aEN@R,64.0144,DENSE TREE
1373,RL_aENA>,1193.0099,DENSE TREE
1374,RL_aENGH,501.0298,DENSE TREE
1375,RL_aENQ>,381.9786,OPEN LAND
1376,RL_aENR>,503.9963,OPEN LAND
1377,RL_aESMW,6.9479,OPEN LAND
1378,RL_aIL?O,172.995,DENSE TREE
1379,RL_aKD?Q,74.0069,OPEN LAND
1380,RL_aKLM@,71.9772,OPEN LAND
1381,RL_aKNSH,184.0024,DENSE TREE
1382,RL_aKSNK,16.0036,GREEN HOUSE
1383,RL_b7HMO,1595.9884,OPEN LAND
1384,RL_b;OGK,2.0297,HIGH-MEDIUM URBAN
1385,RL_b;SKB,38.0183,OPEN IN URBAN
1386,RL_b?HR>,1736.9762,OPEN LAND
1387,RL_b?OMJ,263.0055,SPARSE TREE
